{
  "classification_report": {
    "0": {
      "precision": 0.9196026695638677,
      "recall": 0.6553116186473483,
      "f1-score": 0.7652814104427008,
      "support": 18083.0
    },
    "1": {
      "precision": 0.16537225495447241,
      "recall": 0.543813298106561,
      "f1-score": 0.25361946811787656,
      "support": 2271.0
    },
    "accuracy": 0.6428711801120173,
    "macro avg": {
      "precision": 0.5424874622591701,
      "recall": 0.5995624583769547,
      "f1-score": 0.5094504392802887,
      "support": 20354.0
    },
    "weighted avg": {
      "precision": 0.8354493202675164,
      "recall": 0.6428711801120173,
      "f1-score": 0.7081926676393366,
      "support": 20354.0
    }
  },
  "roc_auc": 0.6422334139903303
}