{
  "ROC_AUC": 0.6402071878891632,
  "PR_AUC": 0.19479706008275385,
  "n_train": 81412,
  "n_test": 20354
}